ID,full_path,gender,face_score,second_face_score
1,['1.png'],1,2.645639497,1.949247905
3,['3.png'],1,5.471801208,
4,['4.png'],1,3.582895142,
5,['5.png'],1,1.529253691,
6,['6.png'],1,1.241739283,
7,['7.png'],1,2.509151228,
12,['12.png'],0,2.454580725,1.586008201
13,['13.png'],1,4.051740357,
15,['15.png'],1,4.220681601,
16,['16.png'],0,1.995066231,
17,['17.png'],1,2.305701221,
19,['19.png'],1,1.969711814,
20,['20.png'],1,2.668705401,
22,['22.png'],1,2.987884425,
23,['23.png'],1,3.848310657,
24,['24.png'],1,3.816553233,
25,['25.png'],1,4.275275381,
26,['26.png'],1,2.640988011,
27,['27.png'],1,3.618917394,
28,['28.png'],1,3.412959115,
30,['30.png'],1,4.558204761,
31,['31.png'],1,2.325444943,
32,['32.png'],1,4.341224981,
35,['35.png'],1,2.400037679,
36,['36.png'],0,1.837698997,
37,['37.png'],0,2.48418708,
38,['38.png'],1,3.43250493,
40,['40.png'],1,1.234007268,
41,['41.png'],1,1.225125978,
42,['42.png'],1,2.33606293,
44,['44.png'],1,1.628100075,
46,['46.png'],0,3.315017736,
48,['48.png'],1,1.106409858,
49,['49.png'],1,3.824989823,
53,['53.png'],0,3.159034772,
54,['54.png'],1,3.815568284,
55,['55.png'],1,4.061313399,
56,['56.png'],0,5.082325353,
57,['57.png'],1,2.228824952,
58,['58.png'],1,2.719889388,
61,['61.png'],1,2.294342838,
62,['62.png'],1,1.347858037,
63,['63.png'],0,3.678530437,
64,['64.png'],1,4.680166695,
65,['65.png'],1,3.022376941,
66,['66.png'],1,1.26179346,
68,['68.png'],1,3.282339966,
69,['69.png'],0,5.317947104,
70,['70.png'],1,3.743403043,
71,['71.png'],0,4.724634555,
72,['72.png'],1,3.902721406,
73,['73.png'],1,0.960499428,
74,['74.png'],0,0.875871024,
75,['75.png'],0,3.331667774,
76,['76.png'],0,6.156541318,
77,['77.png'],0,4.603694776,
79,['79.png'],0,2.967615859,
80,['80.png'],1,2.883609367,1.377471767
81,['81.png'],1,2.998513075,
82,['82.png'],0,4.23550488,
84,['84.png'],0,5.389449656,
85,['85.png'],1,3.748922177,
87,['87.png'],1,3.473290172,
88,['88.png'],1,3.771601144,
89,['89.png'],1,2.283113351,
90,['90.png'],0,3.417225115,
91,['91.png'],1,2.638269923,
92,['92.png'],1,2.203003204,
93,['93.png'],0,2.338632452,
94,['94.png'],1,4.539516504,
95,['95.png'],0,5.512909898,
96,['96.png'],0,3.618484519,0.811191457
97,['97.png'],1,4.826052202,
98,['98.png'],0,3.245248577,
100,['100.png'],1,2.916890957,1.003640572
101,['101.png'],0,3.052833369,
102,['102.png'],0,5.328531553,
103,['103.png'],1,1.976269309,
105,['105.png'],1,2.200151935,2.093362416
110,['110.png'],0,3.100310049,
111,['111.png'],1,3.494834146,
112,['112.png'],1,4.866831724,1.511005984
113,['113.png'],0,3.857522386,
114,['114.png'],1,3.488716005,
116,['116.png'],1,1.445993269,
117,['117.png'],,2.764466194,
118,['118.png'],0,3.909337469,
119,['119.png'],1,3.412095403,2.572706429
120,['120.png'],1,2.777944012,
121,['121.png'],0,4.6625119,
124,['124.png'],1,3.991469812,
125,['125.png'],1,4.270359642,
126,['126.png'],1,5.448109915,
127,['127.png'],1,4.014903826,
128,['128.png'],0,1.906527051,
129,['129.png'],0,2.433259573,
130,['130.png'],1,2.583994458,
131,['131.png'],1,2.448031755,
134,['134.png'],1,3.610749969,
135,['135.png'],1,2.357199581,
136,['136.png'],1,2.014781069,
137,['137.png'],1,1.297246496,
138,['138.png'],0,5.0255643,
140,['140.png'],1,1.154187791,
141,['141.png'],1,1.649193912,
142,['142.png'],1,3.123653482,
144,['144.png'],1,2.825407722,
145,['145.png'],0,3.318978816,
146,['146.png'],0,5.891208859,
147,['147.png'],1,4.732978334,
149,['149.png'],1,1.962984385,
150,['150.png'],1,2.073229888,
153,['153.png'],0,1.793232787,
154,['154.png'],1,3.21324959,
155,['155.png'],1,3.180870033,
158,['158.png'],0,3.374488746,
160,['160.png'],0,5.228507316,
161,['161.png'],1,2.777174148,1.56506444
162,['162.png'],1,2.727225045,
163,['163.png'],1,1.992638986,
164,['164.png'],1,4.90782616,
165,['165.png'],1,2.057269099,
166,['166.png'],0,4.793419471,
167,['167.png'],1,3.717602613,
169,['169.png'],1,1.517663372,
171,['171.png'],1,1.788271675,
172,['172.png'],1,4.830840006,
173,['173.png'],1,2.736991046,
175,['175.png'],1,1.854526068,
176,['176.png'],0,3.76725337,
177,['177.png'],1,3.535417759,
178,['178.png'],1,4.450667854,
179,['179.png'],1,1.342919445,
180,['180.png'],1,5.111106841,
181,['181.png'],1,4.788469494,
183,['183.png'],1,1.678504485,
184,['184.png'],1,1.642821707,
185,['185.png'],1,5.3325259,2.968038249
186,['186.png'],1,1.143661874,
187,['187.png'],0,4.478358758,
188,['188.png'],1,3.082734481,3.053754856
189,['189.png'],1,1.208885597,
192,['192.png'],1,4.105186857,
194,['194.png'],1,5.19490285,
197,['197.png'],0,5.254021749,
198,['198.png'],1,1.174624881,
199,['199.png'],,4.107963182,
200,['200.png'],1,2.877274924,
201,['201.png'],1,5.151701847,
202,['202.png'],1,2.816568871,
203,['203.png'],1,3.823831973,
206,['206.png'],1,3.262758774,1.384465821
207,['207.png'],1,2.110636136,
209,['209.png'],1,1.809584909,
211,['211.png'],1,1.017264985,
214,['214.png'],1,1.000524159,
215,['215.png'],1,3.745841994,
216,['216.png'],1,5.240326465,
217,['217.png'],0,3.316981592,
218,['218.png'],0,5.811256679,
220,['220.png'],1,3.749161721,
221,['221.png'],1,3.067368398,
223,['223.png'],1,2.709929111,
225,['225.png'],1,3.913072038,
226,['226.png'],1,3.768787268,
228,['228.png'],1,2.314192892,
229,['229.png'],1,3.652564139,
230,['230.png'],1,3.465577448,
231,['231.png'],1,1.968728634,1.030577566
232,['232.png'],1,3.414928999,2.191863105
234,['234.png'],1,3.010478226,
239,['239.png'],0,2.197850319,
241,['241.png'],0,3.492927678,
242,['242.png'],0,1.719562502,
243,['243.png'],0,2.362734307,
244,['244.png'],0,0.770595997,
245,['245.png'],1,4.081249561,
246,['246.png'],1,2.18061261,
247,['247.png'],1,3.633788569,
249,['249.png'],1,4.259302635,
250,['250.png'],1,1.528890737,
251,['251.png'],1,2.785325755,
253,['253.png'],1,3.539080667,
254,['254.png'],1,2.743733004,
255,['255.png'],0,2.651096305,1.761548741
256,['256.png'],0,4.635516995,
260,['260.png'],1,4.752691503,
261,['261.png'],1,4.072117672,
263,['263.png'],1,2.074812823,
265,['265.png'],1,5.549120072,
267,['267.png'],0,5.229099992,
268,['268.png'],0,3.807137819,
269,['269.png'],1,3.809542589,
270,['270.png'],1,2.677650081,
271,['271.png'],1,2.39900536,
272,['272.png'],1,2.916731177,
273,['273.png'],1,1.580514046,
274,['274.png'],0,3.820253068,
275,['275.png'],1,3.416041854,2.545043055
276,['276.png'],1,3.898088864,2.755395755
279,['279.png'],1,2.366094264,
280,['280.png'],1,2.942614557,
281,['281.png'],0,5.916877842,
283,['283.png'],1,3.55490935,
284,['284.png'],1,3.965082926,
286,['286.png'],1,2.690236172,
287,['287.png'],1,4.690242821,3.777944913
289,['289.png'],1,5.514613318,
291,['291.png'],0,2.252332468,
292,['292.png'],1,3.80619666,
295,['295.png'],1,4.455518486,
297,['297.png'],0,4.618690973,
298,['298.png'],1,1.509953034,
300,['300.png'],1,2.257257717,
301,['301.png'],0,0.901732531,
302,['302.png'],0,4.493235284,
304,['304.png'],1,4.412284694,
305,['305.png'],0,5.610367176,
307,['307.png'],1,2.970066706,
308,['308.png'],1,5.467629762,
310,['310.png'],1,1.781807536,
311,['311.png'],1,2.175854747,
312,['312.png'],1,2.118268452,
314,['314.png'],1,3.711590836,
318,['318.png'],0,3.166149774,
320,['320.png'],0,5.44197906,
322,['322.png'],0,5.743197783,
323,['323.png'],1,3.446879571,
324,['324.png'],0,1.381804407,
326,['326.png'],1,4.452382137,
330,['330.png'],1,4.107393856,
332,['332.png'],1,2.463549191,
333,['333.png'],0,2.261675455,
334,['334.png'],1,3.314863915,
335,['335.png'],1,2.924763128,
337,['337.png'],1,3.442701942,
338,['338.png'],0,3.712338238,
339,['339.png'],0,3.867315901,
341,['341.png'],1,1.92257994,
342,['342.png'],1,1.953433079,
344,['344.png'],1,2.381397599,
345,['345.png'],1,3.077251208,
346,['346.png'],1,2.908596238,
347,['347.png'],1,2.177477557,
348,['348.png'],1,3.058327861,
349,['349.png'],1,2.196875342,2.108044333
350,['350.png'],1,4.776279801,
351,['351.png'],1,4.966629398,
353,['353.png'],0,4.712153714,
354,['354.png'],1,3.90497769,
355,['355.png'],1,1.179211363,
356,['356.png'],0,3.730892242,
357,['357.png'],1,4.123129684,
358,['358.png'],1,4.693302354,
359,['359.png'],1,3.004349242,
361,['361.png'],1,4.812112301,
362,['362.png'],1,4.518323794,1.086713981
363,['363.png'],1,3.059641792,
364,['364.png'],1,1.85896581,
365,['365.png'],1,3.203500553,
366,['366.png'],1,2.726883294,
367,['367.png'],1,1.410406109,
368,['368.png'],1,2.820371859,
369,['369.png'],1,2.412623711,
375,['375.png'],0,3.545322111,
376,['376.png'],1,2.114671395,
378,['378.png'],1,2.305831334,1.324655
379,['379.png'],1,4.855464367,
380,['380.png'],1,2.4179641,
381,['381.png'],1,5.273057944,
382,['382.png'],0,2.774861723,
384,['384.png'],0,1.547330079,
385,['385.png'],0,5.315148231,
386,['386.png'],1,1.694685319,
387,['387.png'],1,2.303949109,1.256839004
388,['388.png'],1,0.840126515,
389,['389.png'],0,4.873922398,
390,['390.png'],1,4.709173732,
391,['391.png'],0,5.618940312,
392,['392.png'],0,5.697544463,
394,['394.png'],0,1.217980267,
395,['395.png'],1,5.313459217,
396,['396.png'],0,5.385880053,
398,['398.png'],1,3.987747181,
400,['400.png'],0,2.422534433,
401,['401.png'],1,2.009661438,
404,['404.png'],1,2.412123331,
406,['406.png'],1,1.518017892,
408,['408.png'],0,3.848080692,
409,['409.png'],1,3.839691471,
410,['410.png'],0,3.680097363,
411,['411.png'],1,1.843440717,
412,['412.png'],0,4.926979869,
416,['416.png'],1,4.26068061,3.191854557
419,['419.png'],0,3.64268334,
420,['420.png'],1,2.979891393,
423,['423.png'],0,2.838624255,
424,['424.png'],1,2.98100278,
425,['425.png'],1,1.770845489,
426,['426.png'],1,3.421066585,
427,['427.png'],1,1.331822659,
428,['428.png'],1,2.150341951,
429,['429.png'],1,3.880159959,2.130127112
430,['430.png'],1,4.201084467,
431,['431.png'],1,1.793540511,
432,['432.png'],1,2.527907304,
434,['434.png'],1,4.237809339,
435,['435.png'],1,2.473314874,
438,['438.png'],1,3.006603873,
440,['440.png'],1,1.208931054,
441,['441.png'],,2.18755733,
442,['442.png'],1,2.64333543,
445,['445.png'],1,1.540781633,
447,['447.png'],0,2.490342106,2.207562147
448,['448.png'],1,3.56123351,
449,['449.png'],1,4.26585672,3.893130193
450,['450.png'],0,3.896274323,
452,['452.png'],1,2.803308317,
453,['453.png'],1,0.809173512,
454,['454.png'],0,4.230755236,
455,['455.png'],1,2.03623129,
457,['457.png'],0,2.945822106,2.593965514
458,['458.png'],1,4.96884732,
459,['459.png'],0,4.989728626,
460,['460.png'],0,1.885013248,
461,['461.png'],1,3.451994341,
462,['462.png'],0,1.240481242,
463,['463.png'],1,3.71672114,
464,['464.png'],1,1.120985873,
466,['466.png'],1,1.219394224,
468,['468.png'],1,1.906910205,
470,['470.png'],1,2.333769771,
472,['472.png'],1,1.840498042,
473,['473.png'],1,5.833279526,
474,['474.png'],0,3.454061472,2.881349543
475,['475.png'],1,4.49896203,
476,['476.png'],0,3.22764662,
477,['477.png'],1,3.086952598,
480,['480.png'],0,4.346249926,
481,['481.png'],1,4.472293567,
482,['482.png'],1,0.855363338,
483,['483.png'],0,4.335355672,
484,['484.png'],1,2.842440982,
485,['485.png'],1,1.287293243,1.221024797
486,['486.png'],1,1.562175215,
487,['487.png'],1,2.280327197,
488,['488.png'],0,3.793432343,
490,['490.png'],1,3.247904633,
491,['491.png'],1,1.341219764,
492,['492.png'],0,2.798178743,
493,['493.png'],1,3.833726976,
495,['495.png'],0,5.203274643,
499,['499.png'],1,4.293923095,
500,['500.png'],1,2.446543624,
503,['503.png'],1,3.804642958,
506,['506.png'],1,0.981608854,
507,['507.png'],1,4.359412987,
508,['508.png'],1,3.643874589,
509,['509.png'],1,3.8411746,2.653662052
511,['511.png'],1,4.178292058,
513,['513.png'],1,1.815814813,
514,['514.png'],1,2.803505059,
515,['515.png'],1,5.240611695,
516,['516.png'],1,4.145102669,
517,['517.png'],1,4.896494653,
518,['518.png'],1,3.507811254,
520,['520.png'],1,3.309372441,
523,['523.png'],0,1.583352386,
524,['524.png'],0,3.072568793,
525,['525.png'],0,3.286499665,
526,['526.png'],1,4.878896216,
527,['527.png'],1,1.557163469,
529,['529.png'],1,2.955040834,
530,['530.png'],1,3.71600976,
531,['531.png'],1,3.748149134,3.3254808
532,['532.png'],1,3.346260179,
533,['533.png'],1,4.958113521,
534,['534.png'],0,2.475288259,
535,['535.png'],1,4.322623978,
537,['537.png'],1,3.988101771,
539,['539.png'],0,4.490693199,
540,['540.png'],1,4.913256452,
541,['541.png'],1,5.965113771,
542,['542.png'],0,4.502904819,
543,['543.png'],1,1.987951573,
544,['544.png'],,4.572702948,
545,['545.png'],1,2.368322916,
546,['546.png'],1,2.963939086,
547,['547.png'],1,3.102856911,
548,['548.png'],1,3.560729448,
549,['549.png'],1,3.5847857,
554,['554.png'],,1.908536687,
556,['556.png'],1,3.593807777,
559,['559.png'],0,5.294155478,
560,['560.png'],1,3.620315799,
561,['561.png'],1,1.591919147,
562,['562.png'],0,5.448794263,
563,['563.png'],1,2.417443287,
564,['564.png'],1,1.355359319,
565,['565.png'],0,2.820239992,2.254759072
566,['566.png'],1,4.630647552,1.311243654
567,['567.png'],1,4.383470814,
568,['568.png'],0,3.507307376,
571,['571.png'],0,4.85294389,
573,['573.png'],1,1.53671918,
575,['575.png'],0,2.849550988,
576,['576.png'],1,1.871703054,
577,['577.png'],1,3.245957525,
578,['578.png'],0,1.162162508,
580,['580.png'],1,1.478424228,
584,['584.png'],0,5.893170506,
585,['585.png'],1,4.087597587,
587,['587.png'],0,4.726133531,
588,['588.png'],1,4.031837227,
591,['591.png'],0,4.220514774,2.754538355
592,['592.png'],1,5.18816854,
594,['594.png'],1,3.505917275,
595,['595.png'],1,1.542676971,
596,['596.png'],1,4.162963721,
597,['597.png'],1,1.468040533,
599,['599.png'],1,2.371054877,
600,['600.png'],1,2.087501453,
601,['601.png'],1,3.451278472,
603,['603.png'],0,5.320579035,
604,['604.png'],1,3.373370777,
605,['605.png'],1,2.250685069,
606,['606.png'],1,1.269151601,
608,['608.png'],0,5.559362786,
611,['611.png'],0,3.243741164,
614,['614.png'],1,2.79006175,
615,['615.png'],0,5.338814844,
617,['617.png'],,4.455862817,
619,['619.png'],0,4.198068716,3.4844917
622,['622.png'],1,3.604941552,
624,['624.png'],1,0.814521204,
625,['625.png'],1,4.592961357,
626,['626.png'],1,3.016097394,
627,['627.png'],1,5.478700848,
628,['628.png'],1,4.782009265,
630,['630.png'],1,4.277610398,
631,['631.png'],1,1.545624122,
632,['632.png'],1,4.75013438,
635,['635.png'],1,4.285877282,
636,['636.png'],1,3.440724784,
637,['637.png'],1,2.235335355,
638,['638.png'],0,5.292230022,
639,['639.png'],1,2.925810449,
642,['642.png'],0,3.810469195,
643,['643.png'],1,1.98837195,
645,['645.png'],1,4.216925733,
646,['646.png'],1,2.497251716,
647,['647.png'],1,3.729869205,
648,['648.png'],1,3.283568265,
651,['651.png'],1,5.501265955,
653,['653.png'],1,4.540497704,
655,['655.png'],1,5.153565059,
657,['657.png'],1,4.825722722,1.389603223
658,['658.png'],1,2.283171209,
660,['660.png'],0,3.213170602,
661,['661.png'],1,3.198879171,
662,['662.png'],1,2.217735044,
663,['663.png'],1,3.603223828,
664,['664.png'],1,1.366933727,
665,['665.png'],1,2.209920975,1.246270054
667,['667.png'],0,4.568382976,
668,['668.png'],0,5.115284667,
669,['669.png'],0,5.297713585,
670,['670.png'],,2.098129156,
672,['672.png'],1,2.564307976,
673,['673.png'],1,2.076536134,
674,['674.png'],1,3.190644554,
675,['675.png'],1,4.62311793,
677,['677.png'],1,3.460958888,
678,['678.png'],1,1.218838149,
679,['679.png'],1,3.062883731,
680,['680.png'],1,4.561625958,
681,['681.png'],1,5.089820046,
682,['682.png'],0,2.999447347,2.578040524
683,['683.png'],0,4.449106474,2.982470107
685,['685.png'],,2.710938571,
686,['686.png'],1,4.11298183,
687,['687.png'],1,3.414511437,
688,['688.png'],1,3.181949041,
690,['690.png'],0,2.594278447,
691,['691.png'],1,2.233703265,
692,['692.png'],0,1.745861138,
693,['693.png'],0,6.192960315,
694,['694.png'],1,2.771075574,
695,['695.png'],,2.376505801,
696,['696.png'],1,2.402247839,
699,['699.png'],0,4.035748047,
700,['700.png'],1,1.55785865,
701,['701.png'],1,1.687191545,
703,['703.png'],1,2.651266736,
704,['704.png'],1,1.500855787,
705,['705.png'],0,3.88314887,2.189060111
706,['706.png'],1,3.267603261,
708,['708.png'],1,2.917440383,
710,['710.png'],1,4.963275922,
711,['711.png'],0,4.942112062,
713,['713.png'],0,4.896963577,
714,['714.png'],1,4.259248548,
716,['716.png'],1,4.948158313,
717,['717.png'],1,2.743127389,
718,['718.png'],1,2.023119274,0.801686906
719,['719.png'],1,3.527022812,
721,['721.png'],1,2.015096488,
723,['723.png'],1,5.22175229,
726,['726.png'],1,2.996800361,
727,['727.png'],1,2.25240635,1.275225989
728,['728.png'],1,1.504891155,
729,['729.png'],1,1.602763069,
730,['730.png'],1,1.630437472,
731,['731.png'],1,3.538826971,
732,['732.png'],0,6.415705592,
733,['733.png'],1,6.02644384,
735,['735.png'],0,4.938998165,0.936765124
736,['736.png'],1,2.554241204,
737,['737.png'],0,5.90052146,
739,['739.png'],1,4.134963979,
740,['740.png'],1,1.802721178,
741,['741.png'],1,1.17079447,
742,['742.png'],1,3.675025368,
743,['743.png'],0,2.167190213,
746,['746.png'],1,3.262399828,
747,['747.png'],0,0.796568556,
748,['748.png'],1,4.733848358,
749,['749.png'],1,1.099286472,
752,['752.png'],0,5.843561314,1.195886825
753,['753.png'],1,1.750166763,
754,['754.png'],1,4.141592441,
755,['755.png'],0,4.588528914,
756,['756.png'],0,2.846505474,
757,['757.png'],1,4.134139537,
758,['758.png'],0,2.982402123,
759,['759.png'],1,4.43477446,
760,['760.png'],0,3.207235658,
761,['761.png'],1,3.691371308,
762,['762.png'],1,4.533195547,
763,['763.png'],1,4.400639008,
766,['766.png'],1,3.780309176,2.635559177
767,['767.png'],1,2.624437101,
768,['768.png'],1,2.628486985,
769,['769.png'],1,4.463922602,
770,['770.png'],0,5.914115572,
771,['771.png'],1,3.996579961,
773,['773.png'],1,2.52259181,
774,['774.png'],1,1.120063494,
776,['776.png'],1,3.089093452,
777,['777.png'],1,3.571603682,
778,['778.png'],1,3.222634259,
779,['779.png'],0,3.413841938,
781,['781.png'],1,2.521595697,
782,['782.png'],1,4.787743605,
783,['783.png'],1,2.343900035,
784,['784.png'],0,4.464080935,0.794493218
786,['786.png'],1,3.491413554,
787,['787.png'],1,4.249053223,
788,['788.png'],1,1.740675994,
790,['790.png'],0,2.96061497,
793,['793.png'],1,4.400643868,
794,['794.png'],1,1.686571502,
795,['795.png'],1,0.841201309,
799,['799.png'],1,1.304319571,
800,['800.png'],1,1.765889558,
803,['803.png'],0,2.913064278,
804,['804.png'],1,4.231501176,
805,['805.png'],1,4.144439834,1.059883115
809,['809.png'],0,1.3086535,
810,['810.png'],0,4.074287751,
811,['811.png'],0,2.296428926,
812,['812.png'],1,2.745783489,
813,['813.png'],0,3.881101948,3.138890977
814,['814.png'],0,2.225131267,1.663676147
818,['818.png'],,2.745649498,
819,['819.png'],1,3.464671067,2.255744054
821,['821.png'],1,4.55482058,
822,['822.png'],1,2.682780413,
823,['823.png'],1,1.838802316,
825,['825.png'],0,1.559818864,
826,['826.png'],0,2.515392985,
827,['827.png'],1,3.861710024,
828,['828.png'],1,3.934420061,2.13611632
829,['829.png'],0,4.093663451,
830,['830.png'],1,0.811739382,
832,['832.png'],0,4.849243871,
833,['833.png'],1,4.286360535,
834,['834.png'],1,4.114165164,
837,['837.png'],1,3.940012679,
840,['840.png'],0,2.515217751,
842,['842.png'],1,5.20336059,
843,['843.png'],1,2.928647976,
845,['845.png'],1,2.644908772,
847,['847.png'],1,3.221879233,
848,['848.png'],1,3.42325666,
851,['851.png'],1,3.135470432,
852,['852.png'],1,2.83774659,2.481080507
853,['853.png'],1,3.139501704,
857,['857.png'],1,1.322035845,
858,['858.png'],1,0.733471938,
859,['859.png'],1,4.175587805,3.541880296
860,['860.png'],1,4.272858113,
863,['863.png'],1,1.580261875,0.808375066
865,['865.png'],1,3.355773127,
866,['866.png'],,1.621923678,
867,['867.png'],1,4.17176932,
869,['869.png'],1,2.835594471,
873,['873.png'],,3.878752203,
874,['874.png'],1,2.501510355,
875,['875.png'],1,2.128491513,
876,['876.png'],1,2.451693963,
879,['879.png'],1,2.528165585,
880,['880.png'],1,3.798302231,
883,['883.png'],0,5.090262758,
886,['886.png'],0,5.469372184,
887,['887.png'],1,3.053589173,
888,['888.png'],1,2.834909557,
889,['889.png'],0,3.271484059,
891,['891.png'],1,4.515761422,1.558887577
892,['892.png'],1,1.285584439,
893,['893.png'],0,1.988073085,
894,['894.png'],0,4.86823393,
895,['895.png'],0,5.237047808,1.250926082
896,['896.png'],1,5.076380202,
898,['898.png'],1,1.028830999,
899,['899.png'],1,4.506714571,
900,['900.png'],1,1.084842666,
901,['901.png'],1,2.73067117,
902,['902.png'],1,4.089771944,
903,['903.png'],1,4.374155805,
904,['904.png'],1,1.216231283,
905,['905.png'],0,4.907742171,
906,['906.png'],1,5.420950524,
907,['907.png'],1,5.215550228,
909,['909.png'],1,2.988239718,
910,['910.png'],1,2.289548255,1.779462087
911,['911.png'],1,3.030154796,
912,['912.png'],0,5.173785809,
915,['915.png'],1,2.726481641,
919,['919.png'],1,3.47966172,
921,['921.png'],1,1.03412774,
922,['922.png'],1,4.517157157,
923,['923.png'],1,2.362013229,
925,['925.png'],1,3.711422807,
926,['926.png'],1,2.270027904,
928,['928.png'],1,2.169625953,
929,['929.png'],1,1.292307042,
930,['930.png'],0,1.682048622,
932,['932.png'],1,2.384029161,
933,['933.png'],0,2.243349254,
934,['934.png'],1,1.525248526,
935,['935.png'],1,2.716067223,
938,['938.png'],1,2.580058788,
940,['940.png'],1,3.473990517,
942,['942.png'],0,4.643743373,
945,['945.png'],0,4.834915301,
946,['946.png'],1,5.094107896,
947,['947.png'],0,4.215837357,
948,['948.png'],1,2.228981356,
949,['949.png'],1,2.784616982,
950,['950.png'],0,2.846720371,
951,['951.png'],1,3.975972104,
953,['953.png'],1,2.903977168,1.148003339
954,['954.png'],1,3.391497164,
955,['955.png'],1,2.646700169,
956,['956.png'],1,3.48699335,
958,['958.png'],0,4.00864031,
959,['959.png'],1,3.239441329,
960,['960.png'],1,3.614671979,
961,['961.png'],1,4.373922739,
962,['962.png'],1,3.41121224,
963,['963.png'],1,2.197053432,
964,['964.png'],1,2.00209491,
969,['969.png'],1,5.140999376,
973,['973.png'],1,3.278306466,
975,['975.png'],1,2.261796564,
976,['976.png'],1,2.649776365,
978,['978.png'],1,2.706696176,
979,['979.png'],0,4.665473746,
980,['980.png'],1,2.960290053,
983,['983.png'],1,4.46142386,
985,['985.png'],1,1.877240729,
986,['986.png'],0,4.020586143,
987,['987.png'],0,4.6961609,
988,['988.png'],1,2.785463413,0.766525744
989,['989.png'],1,2.167130487,
991,['991.png'],1,2.948040678,
992,['992.png'],1,3.160661038,
995,['995.png'],1,1.291142337,
996,['996.png'],0,4.801913458,
999,['999.png'],1,4.133105392,
1001,['1001.png'],0,5.493589637,
1003,['1003.png'],0,4.192749428,2.927913952
1004,['1004.png'],1,3.081451736,
1005,['1005.png'],1,3.068901445,
1006,['1006.png'],1,3.296901249,
1007,['1007.png'],0,2.961784152,
1009,['1009.png'],1,3.234094111,
1010,['1010.png'],1,1.944450579,
1014,['1014.png'],1,1.68900215,
1015,['1015.png'],1,2.418593656,2.400574181
1016,['1016.png'],1,4.565035919,
1017,['1017.png'],1,3.342484119,
1019,['1019.png'],0,2.258231225,
1020,['1020.png'],1,4.880812066,
1022,['1022.png'],1,4.771916707,
1024,['1024.png'],1,2.865586385,
1026,['1026.png'],1,5.219436617,
1027,['1027.png'],0,4.046621514,
1028,['1028.png'],0,2.743018767,
1030,['1030.png'],1,4.799816715,
1032,['1032.png'],0,3.07793154,
1035,['1035.png'],1,4.364558218,
1036,['1036.png'],1,1.678532359,
1037,['1037.png'],1,2.490856881,
1038,['1038.png'],1,1.632703942,0.925593309
1039,['1039.png'],1,2.066251557,
1040,['1040.png'],1,2.211112596,1.889339848
1041,['1041.png'],0,3.3489477,
1042,['1042.png'],1,4.547613781,
1044,['1044.png'],1,1.391331863,
1045,['1045.png'],1,2.545852851,
1046,['1046.png'],1,4.838714445,
1047,['1047.png'],1,3.412518257,
1048,['1048.png'],1,3.372581558,
1049,['1049.png'],1,3.121449881,
1050,['1050.png'],1,1.924340907,1.192708142
1051,['1051.png'],1,2.659760406,
1052,['1052.png'],1,4.599658788,
1053,['1053.png'],1,2.356661257,
1054,['1054.png'],1,3.816737549,
1055,['1055.png'],1,4.891012295,
1057,['1057.png'],0,3.453579052,
1058,['1058.png'],0,3.809385669,
1059,['1059.png'],1,5.132880318,
1060,['1060.png'],1,5.315588421,
1061,['1061.png'],1,3.345915282,
1064,['1064.png'],1,0.760940665,
1065,['1065.png'],1,1.37431055,
1066,['1066.png'],1,2.795961692,
1067,['1067.png'],1,4.90157879,
1068,['1068.png'],1,4.13073548,
1069,['1069.png'],,3.832036932,
1070,['1070.png'],1,4.606389059,
1071,['1071.png'],1,3.034165486,
1073,['1073.png'],1,0.805380792,
1074,['1074.png'],0,4.490092586,
1077,['1077.png'],0,1.566926073,
1078,['1078.png'],1,2.514531253,
1079,['1079.png'],1,2.912901202,
1080,['1080.png'],1,3.226505604,
1081,['1081.png'],1,1.142192578,
1084,['1084.png'],1,4.574384555,
1087,['1087.png'],0,3.329668151,
1089,['1089.png'],1,2.750793529,1.159277817
1090,['1090.png'],0,2.372496698,
1092,['1092.png'],0,4.513526289,
1094,['1094.png'],1,3.048680488,
1095,['1095.png'],1,2.632732338,2.256806999
1096,['1096.png'],0,4.345159816,
1097,['1097.png'],0,1.839599142,
1102,['1102.png'],1,4.90687922,
1103,['1103.png'],1,2.379781874,
1105,['1105.png'],1,2.917347268,
1107,['1107.png'],1,1.144061612,
1108,['1108.png'],1,1.676546641,
1109,['1109.png'],0,4.445109282,
1111,['1111.png'],1,1.94661413,
1112,['1112.png'],1,5.441396537,1.075735576
1113,['1113.png'],1,4.050515406,
1114,['1114.png'],1,3.484666908,
1115,['1115.png'],1,3.939154957,
1116,['1116.png'],1,1.328123042,
1117,['1117.png'],1,3.762442815,
1118,['1118.png'],1,2.951309865,
1119,['1119.png'],1,2.077818697,
1120,['1120.png'],1,4.883776879,3.910372745
1121,['1121.png'],0,1.777913073,
1122,['1122.png'],0,3.582475792,
1123,['1123.png'],1,2.413900142,
1126,['1126.png'],1,1.420832843,
1127,['1127.png'],1,4.521078664,
1131,['1131.png'],1,0.939007413,
1132,['1132.png'],0,3.395406931,
1135,['1135.png'],1,2.479472344,
1136,['1136.png'],1,5.094170207,
1137,['1137.png'],,2.311847971,
1138,['1138.png'],1,4.285094615,
1139,['1139.png'],,2.9732981,
1140,['1140.png'],1,3.761179344,
1142,['1142.png'],0,3.780242604,
1146,['1146.png'],1,1.875075194,
1147,['1147.png'],0,6.470719329,
1151,['1151.png'],1,3.379161911,
1152,['1152.png'],0,3.119885955,
1153,['1153.png'],1,2.075509273,
1154,['1154.png'],1,4.361857597,
1155,['1155.png'],0,5.161934901,
1156,['1156.png'],0,3.616556251,
1158,['1158.png'],1,2.076183035,
1159,['1159.png'],1,3.365631789,
1160,['1160.png'],0,3.531623115,
1161,['1161.png'],1,1.246442725,
1162,['1162.png'],0,3.759161546,
1163,['1163.png'],0,3.931130342,
1164,['1164.png'],1,1.571116167,
1165,['1165.png'],0,4.632565717,0.930675677
1167,['1167.png'],1,2.361436133,
1170,['1170.png'],1,2.666302164,
1171,['1171.png'],1,1.196097354,
1172,['1172.png'],1,2.258997973,
1173,['1173.png'],1,2.58751711,
1174,['1174.png'],1,2.339682163,
1175,['1175.png'],1,3.642266426,
1176,['1176.png'],1,2.601226144,
1177,['1177.png'],1,1.988633739,
1178,['1178.png'],1,3.378579811,
1179,['1179.png'],1,2.500519363,
1181,['1181.png'],1,2.196857366,
1182,['1182.png'],1,1.004579195,
1184,['1184.png'],,3.567823032,
1185,['1185.png'],1,3.362807712,
1186,['1186.png'],1,4.21259608,
1187,['1187.png'],1,2.960967939,
1188,['1188.png'],0,4.859792494,
1189,['1189.png'],1,4.416060092,4.193639285
1190,['1190.png'],1,3.893055263,
1191,['1191.png'],1,2.24980371,
1192,['1192.png'],1,2.876619452,
1193,['1193.png'],1,2.693096875,
1195,['1195.png'],0,4.666346626,3.875390709
1199,['1199.png'],0,2.33188552,2.319928313
1200,['1200.png'],1,4.195495222,
1202,['1202.png'],0,3.445811207,
1203,['1203.png'],1,0.755774499,
1204,['1204.png'],1,1.879099542,
1205,['1205.png'],1,3.994511692,
1207,['1207.png'],1,2.913943369,
1209,['1209.png'],1,4.075873749,2.018530165
1210,['1210.png'],0,1.965806907,
1211,['1211.png'],1,4.683136711,
1212,['1212.png'],1,2.247112404,
1213,['1213.png'],1,3.420406724,
1214,['1214.png'],0,1.990025129,
1217,['1217.png'],0,5.689171095,
1218,['1218.png'],0,5.04776049,
1220,['1220.png'],0,2.157532684,1.807920503
1222,['1222.png'],0,2.92290774,
1223,['1223.png'],1,5.757753084,0.998854273
1224,['1224.png'],1,4.699544859,
1226,['1226.png'],1,4.689214211,
1228,['1228.png'],1,3.203054101,
1229,['1229.png'],0,2.104249032,
1231,['1231.png'],1,3.679135118,3.059227071
1232,['1232.png'],1,3.667097143,
1233,['1233.png'],0,1.03886666,
1236,['1236.png'],1,2.783451064,
1237,['1237.png'],1,3.284369743,
1239,['1239.png'],1,1.777830789,
1241,['1241.png'],0,4.649158795,2.638949259
1243,['1243.png'],1,2.073404903,0.90097399
1244,['1244.png'],0,1.587673534,
1247,['1247.png'],1,1.360232449,
1250,['1250.png'],0,4.963205386,
1251,['1251.png'],1,5.449275115,
1252,['1252.png'],0,3.261123879,
1253,['1253.png'],1,2.252727194,
1256,['1256.png'],1,2.514939427,
1257,['1257.png'],0,2.011516326,
1258,['1258.png'],1,2.455449588,
1261,['1261.png'],1,0.74345619,
1263,['1263.png'],1,1.891640065,
1265,['1265.png'],0,2.345406793,
1266,['1266.png'],1,3.731728575,
1267,['1267.png'],1,2.550743733,
1268,['1268.png'],1,2.979864788,
1269,['1269.png'],0,4.370173986,
1272,['1272.png'],1,2.986583728,2.390175597
1273,['1273.png'],1,4.323826133,
1274,['1274.png'],1,3.395404346,
1277,['1277.png'],0,2.777280928,
1278,['1278.png'],1,2.243974854,
1279,['1279.png'],1,3.204500343,
1281,['1281.png'],1,3.43048299,
1282,['1282.png'],1,4.842277958,
1283,['1283.png'],0,1.796325184,
1284,['1284.png'],1,1.877537327,
1285,['1285.png'],1,5.20461657,
1286,['1286.png'],1,5.169367559,2.136294696
1287,['1287.png'],1,4.831236557,
1291,['1291.png'],0,2.503150588,
1292,['1292.png'],1,3.907823865,
1295,['1295.png'],1,2.954079875,
1296,['1296.png'],1,1.674065948,
1297,['1297.png'],1,4.21581555,
1298,['1298.png'],1,1.019259897,
1301,['1301.png'],1,1.945713969,
1302,['1302.png'],1,1.065424,
1303,['1303.png'],1,3.843033159,
1304,['1304.png'],0,3.676371379,
1305,['1305.png'],,3.419998626,
1306,['1306.png'],1,1.071789514,
1308,['1308.png'],0,1.908848727,
1309,['1309.png'],1,0.752863469,
1311,['1311.png'],1,3.093628275,1.922991827
1313,['1313.png'],1,3.287494794,
1314,['1314.png'],1,3.084263469,
1315,['1315.png'],1,4.775393262,
1316,['1316.png'],0,4.604596915,
1319,['1319.png'],,4.265017275,
1320,['1320.png'],0,4.868183872,
1321,['1321.png'],1,2.346384479,
1322,['1322.png'],1,1.84895521,
1323,['1323.png'],1,4.069438593,1.643650509
1324,['1324.png'],1,2.471700746,
1328,['1328.png'],1,2.407295835,
1329,['1329.png'],1,4.666597813,
1330,['1330.png'],1,3.827917742,
1331,['1331.png'],,2.311003723,
1334,['1334.png'],1,2.823283793,
1335,['1335.png'],1,2.992851529,
1336,['1336.png'],1,1.214262456,
1337,['1337.png'],1,4.381968125,
1338,['1338.png'],1,3.03542717,
1339,['1339.png'],1,3.849627281,
1340,['1340.png'],1,3.239549582,
1343,['1343.png'],1,2.626887659,
1344,['1344.png'],1,3.655946539,
1345,['1345.png'],1,3.463008292,
1346,['1346.png'],0,4.141570883,
1347,['1347.png'],1,3.089957895,
1356,['1356.png'],1,1.307601222,
1357,['1357.png'],1,2.0686157,1.944587598
1358,['1358.png'],0,4.235809376,
1359,['1359.png'],0,4.088580398,
1360,['1360.png'],1,1.463052111,
1361,['1361.png'],1,4.75015607,
1362,['1362.png'],1,1.491350911,
1363,['1363.png'],1,3.598982912,
1364,['1364.png'],1,4.044408456,
1365,['1365.png'],0,3.061913233,
1367,['1367.png'],1,1.221873692,
1368,['1368.png'],1,4.16104889,
1369,['1369.png'],1,3.42147981,
1371,['1371.png'],1,4.271145437,
1372,['1372.png'],1,2.519283095,
1374,['1374.png'],1,3.777672406,
1376,['1376.png'],1,2.071501071,1.492265656
1377,['1377.png'],1,2.754616157,2.264199468
1379,['1379.png'],1,1.263433827,
1381,['1381.png'],1,4.862124665,
1382,['1382.png'],1,4.234883074,
1384,['1384.png'],0,2.31105095,
1385,['1385.png'],1,4.769002154,
1386,['1386.png'],1,5.065538006,
1387,['1387.png'],1,4.171889668,
1390,['1390.png'],1,2.649132555,
1391,['1391.png'],0,5.054180816,2.668423721
1392,['1392.png'],0,3.224558811,
1393,['1393.png'],0,4.087511698,
1394,['1394.png'],1,5.210114369,
1395,['1395.png'],1,3.846414528,
1396,['1396.png'],1,4.422052347,
1397,['1397.png'],1,3.56185519,
1399,['1399.png'],1,1.071973576,
1400,['1400.png'],0,4.908778981,
1401,['1401.png'],1,3.795327018,
1402,['1402.png'],1,3.094223241,
1403,['1403.png'],0,4.859003659,
1404,['1404.png'],1,3.205149017,
1405,['1405.png'],0,2.239614169,
1406,['1406.png'],1,3.72875567,3.126586482
1407,['1407.png'],1,4.414329176,
1408,['1408.png'],0,4.763475235,
1410,['1410.png'],1,4.274171777,
1415,['1415.png'],1,3.412419789,1.363140863
1417,['1417.png'],1,4.902776809,
1418,['1418.png'],1,2.900236717,
1419,['1419.png'],0,4.6883478,1.064075115
1421,['1421.png'],1,1.931014178,
1422,['1422.png'],1,5.36781998,
1423,['1423.png'],1,2.275354817,
1424,['1424.png'],1,0.892064994,
1426,['1426.png'],1,1.732860851,
1427,['1427.png'],1,3.301186991,2.306518401
1428,['1428.png'],1,2.596607902,
1430,['1430.png'],1,3.026661324,
1432,['1432.png'],0,4.244657802,
1433,['1433.png'],1,2.733629682,
1435,['1435.png'],1,3.675963053,
1436,['1436.png'],1,2.350871682,
1437,['1437.png'],1,1.638154247,
1439,['1439.png'],1,1.371725738,
1443,['1443.png'],1,4.375095555,
1444,['1444.png'],1,3.949539815,
1445,['1445.png'],1,2.503552092,
1447,['1447.png'],1,2.521457515,
1448,['1448.png'],1,4.429140751,
1450,['1450.png'],1,4.923793872,
1453,['1453.png'],1,1.612204692,
1455,['1455.png'],1,1.879561519,
1456,['1456.png'],1,4.189345853,
1457,['1457.png'],0,5.644237871,
1458,['1458.png'],1,5.249310121,
1459,['1459.png'],0,4.532482734,
1465,['1465.png'],1,4.100107638,
1466,['1466.png'],1,4.559704517,
1468,['1468.png'],1,3.645338743,2.527408698
1469,['1469.png'],1,4.364578865,
1471,['1471.png'],0,4.670707588,
1472,['1472.png'],1,5.067519846,
1473,['1473.png'],1,1.853932737,
1474,['1474.png'],1,2.974380561,
1475,['1475.png'],1,1.323005487,
1476,['1476.png'],1,4.71091445,
1477,['1477.png'],1,3.006324567,
1478,['1478.png'],0,4.198972077,
1480,['1480.png'],0,1.184807233,1.092879828
1482,['1482.png'],1,4.555476215,
1483,['1483.png'],1,4.388098303,1.051758124
1484,['1484.png'],0,4.93078916,
1485,['1485.png'],1,4.677950456,
1487,['1487.png'],0,1.740932873,
1488,['1488.png'],1,3.791689501,
1491,['1491.png'],,4.300536188,
1493,['1493.png'],1,4.001612064,3.205658723
1494,['1494.png'],0,3.575658506,
1495,['1495.png'],1,2.870733958,
1497,['1497.png'],1,2.963341658,
1499,['1499.png'],0,4.350919472,4.007263507
1500,['1500.png'],1,4.116309507,
1501,['1501.png'],1,4.27461724,
1502,['1502.png'],1,3.80856764,
1504,['1504.png'],1,5.777657045,
1505,['1505.png'],1,4.376332585,
1507,['1507.png'],1,3.034241859,
1508,['1508.png'],1,0.772656104,
1509,['1509.png'],1,2.947562487,
1510,['1510.png'],1,3.053606952,
1511,['1511.png'],1,2.868071873,
1513,['1513.png'],1,4.442139483,
1515,['1515.png'],0,4.202988808,
1516,['1516.png'],1,2.579805478,
1517,['1517.png'],1,4.03398458,
1518,['1518.png'],1,4.890647208,
1519,['1519.png'],1,3.206358807,
1520,['1520.png'],1,3.520046787,
1521,['1521.png'],1,1.150115097,
1522,['1522.png'],0,3.8624171,
1523,['1523.png'],1,3.654305177,
1524,['1524.png'],1,4.863509172,
1525,['1525.png'],1,2.340390553,
1526,['1526.png'],0,3.688967204,
1527,['1527.png'],1,5.134161496,
1529,['1529.png'],1,2.130401188,
1530,['1530.png'],1,2.701619999,
1533,['1533.png'],1,5.418818559,
1534,['1534.png'],1,3.340134979,
1537,['1537.png'],1,1.909936596,
1538,['1538.png'],1,2.744032736,
1539,['1539.png'],,4.510865737,
1541,['1541.png'],0,3.940030276,
1542,['1542.png'],1,3.42478532,
1543,['1543.png'],0,4.176376089,
1545,['1545.png'],1,2.888809926,
1546,['1546.png'],0,4.080181375,
1547,['1547.png'],1,5.040938892,
1550,['1550.png'],1,1.534370608,
1551,['1551.png'],1,4.079454936,
1552,['1552.png'],1,2.848800149,
1553,['1553.png'],0,3.972911608,3.081060659
1554,['1554.png'],0,1.429155205,
1556,['1556.png'],1,3.266803373,
1557,['1557.png'],1,1.463227737,0.989815121
1558,['1558.png'],1,1.960096156,
1559,['1559.png'],1,4.949503228,
1560,['1560.png'],,5.066865049,
1562,['1562.png'],0,1.969294545,0.735275983
1564,['1564.png'],0,4.505056802,
1567,['1567.png'],1,2.793263467,
1568,['1568.png'],1,3.656158046,
1572,['1572.png'],0,5.06229391,
1573,['1573.png'],1,3.893951428,
1574,['1574.png'],0,3.478846116,
1575,['1575.png'],0,4.805145822,
1577,['1577.png'],1,3.308679756,
1578,['1578.png'],1,4.385500825,
1579,['1579.png'],1,2.088934048,
1580,['1580.png'],1,3.611603793,
1581,['1581.png'],1,3.95253364,
1582,['1582.png'],1,2.786600381,
1583,['1583.png'],1,2.257535014,
1584,['1584.png'],1,1.79192123,
1587,['1587.png'],1,1.120282136,
1588,['1588.png'],1,5.40469708,1.046896564
1590,['1590.png'],0,1.822829856,
1591,['1591.png'],0,4.307199949,
1592,['1592.png'],1,2.218011451,
1593,['1593.png'],1,1.18542288,0.998117758
1594,['1594.png'],1,3.511306651,
1595,['1595.png'],1,4.346696273,
1596,['1596.png'],1,4.939410255,0.833088511
1597,['1597.png'],1,2.235171885,
1598,['1598.png'],0,3.587755788,
1599,['1599.png'],0,3.67984709,
1600,['1600.png'],0,4.061801106,
1602,['1602.png'],1,5.233275171,
1603,['1603.png'],1,5.264274305,
1606,['1606.png'],,4.736038096,
1609,['1609.png'],0,3.021792323,
1610,['1610.png'],1,0.824787231,
1613,['1613.png'],0,1.885883398,
1614,['1614.png'],1,2.130313534,
1615,['1615.png'],1,2.866592021,
1616,['1616.png'],1,3.874675357,
1618,['1618.png'],1,3.094800781,
1619,['1619.png'],1,4.813792381,
1620,['1620.png'],1,3.320849906,
1621,['1621.png'],1,3.093530879,
1622,['1622.png'],1,1.09134926,
1623,['1623.png'],1,2.615137436,
1626,['1626.png'],1,4.298096961,
1628,['1628.png'],1,3.968617911,
1629,['1629.png'],1,2.038143546,
1630,['1630.png'],1,3.420855566,
1631,['1631.png'],0,1.995258494,
1633,['1633.png'],1,2.07766848,
1635,['1635.png'],1,4.243795374,
1636,['1636.png'],1,2.335522491,
1637,['1637.png'],0,5.469906252,
1639,['1639.png'],1,4.230656569,
1642,['1642.png'],0,1.560628906,
1644,['1644.png'],,3.059625143,
1645,['1645.png'],1,5.546975312,
1646,['1646.png'],1,1.55680007,
1648,['1648.png'],0,4.873493737,
1649,['1649.png'],1,2.012891463,
1650,['1650.png'],1,2.095526315,
1651,['1651.png'],,3.547392649,
1652,['1652.png'],1,2.479257543,
1656,['1656.png'],0,3.481249,
1657,['1657.png'],1,2.212017449,
1658,['1658.png'],1,4.527459066,
1659,['1659.png'],1,3.809428182,
1660,['1660.png'],1,3.731836469,
1661,['1661.png'],1,1.559417331,1.169067904
1662,['1662.png'],1,4.092411806,
1665,['1665.png'],1,0.942138319,
1666,['1666.png'],0,1.602551047,
1667,['1667.png'],1,1.95511476,
1669,['1669.png'],0,1.250756194,
1670,['1670.png'],0,4.134634617,
1671,['1671.png'],1,1.140764207,
1672,['1672.png'],1,3.09723839,
1674,['1674.png'],1,4.900043725,
1675,['1675.png'],1,2.75545689,
1676,['1676.png'],1,3.147459991,
1677,['1677.png'],1,2.241528704,
1678,['1678.png'],1,2.994886885,
1679,['1679.png'],1,2.88034293,
1680,['1680.png'],1,2.388107084,
1681,['1681.png'],1,1.99066118,
1685,['1685.png'],1,3.396414363,
1686,['1686.png'],1,4.87695354,
1687,['1687.png'],0,3.344109057,
1688,['1688.png'],1,3.109232,
1689,['1689.png'],1,1.205447646,
1690,['1690.png'],1,3.480564544,
1691,['1691.png'],0,3.417890076,
1692,['1692.png'],,3.652292437,
1694,['1694.png'],1,3.356422939,
1695,['1695.png'],0,5.699574726,
1696,['1696.png'],0,2.400414728,
1698,['1698.png'],0,3.569497482,
1700,['1700.png'],1,2.161513281,
1701,['1701.png'],1,1.817855358,
1702,['1702.png'],1,2.663701198,
1703,['1703.png'],1,2.347342922,
1704,['1704.png'],1,4.410135357,
1705,['1705.png'],1,2.681026682,
1708,['1708.png'],1,3.523340472,1.886265144
1709,['1709.png'],0,3.665316565,
1710,['1710.png'],0,4.70050463,
1711,['1711.png'],1,3.92198618,
1713,['1713.png'],1,1.92924031,
1714,['1714.png'],1,4.308781785,
1715,['1715.png'],0,2.678970126,
1716,['1716.png'],1,1.264479605,
1717,['1717.png'],0,0.763971578,
1718,['1718.png'],1,3.228081232,1.319602836
1719,['1719.png'],1,3.025218036,
1721,['1721.png'],1,4.99889658,
1722,['1722.png'],1,4.609177199,
1723,['1723.png'],1,3.760941345,
1724,['1724.png'],1,1.527580184,
1725,['1725.png'],1,4.611368187,
1729,['1729.png'],1,3.59268322,
1730,['1730.png'],0,2.154262024,
1731,['1731.png'],1,1.879216544,
1732,['1732.png'],1,3.97709907,
1733,['1733.png'],1,4.056388654,
1734,['1734.png'],1,2.496979797,
1735,['1735.png'],1,3.181043366,
1736,['1736.png'],1,2.134158574,
1738,['1738.png'],1,2.916049911,
1739,['1739.png'],1,3.403973381,
1740,['1740.png'],1,1.784822042,
1741,['1741.png'],0,4.183188856,
1742,['1742.png'],1,2.863880613,
1743,['1743.png'],1,3.095804725,
1744,['1744.png'],1,1.782199669,
1745,['1745.png'],1,4.262064163,
1747,['1747.png'],1,1.406756665,
1748,['1748.png'],1,3.805426684,
1749,['1749.png'],1,3.340693692,
1751,['1751.png'],0,1.95422347,
1752,['1752.png'],1,3.560364573,
1756,['1756.png'],1,1.803661955,
1757,['1757.png'],1,1.309975151,
1758,['1758.png'],1,3.811468959,
1759,['1759.png'],1,1.296763028,
1760,['1760.png'],1,3.627868002,
1762,['1762.png'],0,4.436186217,
1764,['1764.png'],1,3.052635227,2.738451432
1766,['1766.png'],,2.87622046,0.876069505
1767,['1767.png'],1,3.990422044,
1769,['1769.png'],1,4.830475017,
1773,['1773.png'],0,5.465946968,
1774,['1774.png'],1,2.394177663,
1775,['1775.png'],1,3.540268704,
1778,['1778.png'],0,2.729987195,
1780,['1780.png'],1,1.935752968,
1781,['1781.png'],0,2.748253865,
1783,['1783.png'],1,3.841040771,
1788,['1788.png'],1,1.542200312,
1789,['1789.png'],0,3.538503931,
1790,['1790.png'],1,2.373158276,
1791,['1791.png'],1,3.294956197,
1793,['1793.png'],1,4.819515343,
1794,['1794.png'],1,1.663270334,
1795,['1795.png'],1,1.061328389,
1796,['1796.png'],1,3.629249301,
1797,['1797.png'],1,5.101732593,
1798,['1798.png'],1,5.020664659,
1800,['1800.png'],1,5.519272968,
1801,['1801.png'],1,3.159896366,
1802,['1802.png'],1,3.871177874,
1803,['1803.png'],1,3.193529701,
1804,['1804.png'],1,3.898664888,
1805,['1805.png'],1,1.284169688,
1806,['1806.png'],0,4.923904595,
1807,['1807.png'],1,3.172716395,
1809,['1809.png'],0,4.230584315,
1810,['1810.png'],1,1.803922139,
1812,['1812.png'],1,2.064873347,
1813,['1813.png'],1,4.062548003,
1814,['1814.png'],1,2.217360643,
1815,['1815.png'],0,3.937749187,
1816,['1816.png'],1,2.495180918,
1817,['1817.png'],1,2.248077188,
1818,['1818.png'],1,5.112603721,
1819,['1819.png'],1,3.795293078,
1820,['1820.png'],1,2.272878298,
1821,['1821.png'],1,2.817277057,
1822,['1822.png'],1,1.480712269,
1824,['1824.png'],0,4.998898077,
1826,['1826.png'],1,1.307937931,
1827,['1827.png'],0,1.733889338,
1828,['1828.png'],1,3.863200357,
1829,['1829.png'],1,2.927215911,
1830,['1830.png'],1,1.762842913,
1831,['1831.png'],1,4.549853861,
1832,['1832.png'],1,4.496664362,
1833,['1833.png'],1,4.072563834,
1835,['1835.png'],1,4.348532521,
1836,['1836.png'],0,4.946174111,
1837,['1837.png'],0,3.573089643,
1838,['1838.png'],1,3.757273615,
1840,['1840.png'],1,3.231926279,
1841,['1841.png'],1,2.24212378,
1842,['1842.png'],1,3.524416555,
1844,['1844.png'],0,2.643526017,
1845,['1845.png'],1,2.92683247,
1847,['1847.png'],1,3.021898274,
1848,['1848.png'],1,1.724074642,
1849,['1849.png'],1,5.008820436,4.69051465
1851,['1851.png'],1,5.16802708,
1852,['1852.png'],0,3.908831375,
1855,['1855.png'],1,1.87930528,
1856,['1856.png'],1,2.652417702,
1858,['1858.png'],1,5.117832677,
1859,['1859.png'],,4.549952121,
1860,['1860.png'],1,3.843795542,1.22615204
1861,['1861.png'],1,5.158706912,
1864,['1864.png'],1,4.286780935,
1865,['1865.png'],1,2.11472897,
1867,['1867.png'],1,0.940535953,
1868,['1868.png'],0,2.859076279,
1869,['1869.png'],1,4.044993239,
1870,['1870.png'],0,1.646310127,
1873,['1873.png'],1,2.265597775,
1874,['1874.png'],1,3.280493837,
1875,['1875.png'],1,3.401817934,
1877,['1877.png'],1,2.59559289,
1879,['1879.png'],1,1.385922242,
1881,['1881.png'],1,5.883747037,
1883,['1883.png'],1,3.378185644,
1884,['1884.png'],1,2.52793084,
1885,['1885.png'],1,2.412824298,
1887,['1887.png'],1,4.95277137,
1888,['1888.png'],1,1.917252581,
1889,['1889.png'],1,4.326409287,
1892,['1892.png'],0,3.322918061,2.309856057
1893,['1893.png'],1,3.219600264,
1894,['1894.png'],1,4.292741455,
1895,['1895.png'],1,3.984804817,
1896,['1896.png'],1,3.670542861,
1898,['1898.png'],0,4.339207598,
1901,['1901.png'],1,2.913777469,
1903,['1903.png'],1,2.890833317,
1904,['1904.png'],1,2.319828375,
1907,['1907.png'],0,4.160071597,
1909,['1909.png'],0,5.038169329,
1910,['1910.png'],1,3.551789513,
1911,['1911.png'],1,3.534841911,
1912,['1912.png'],1,3.000081627,
1913,['1913.png'],1,1.596587154,
1914,['1914.png'],0,2.505616001,2.077853226
1915,['1915.png'],0,1.776043501,
1916,['1916.png'],1,2.795180708,
1917,['1917.png'],1,4.27457324,2.284472474
1918,['1918.png'],0,3.616377507,
1919,['1919.png'],0,1.581050141,
1920,['1920.png'],1,1.959649172,
1921,['1921.png'],0,3.41288513,
1923,['1923.png'],1,4.629870365,
1924,['1924.png'],1,1.276463465,
1925,['1925.png'],1,3.523342147,
1927,['1927.png'],0,2.347671955,
1928,['1928.png'],,1.217986377,
1930,['1930.png'],1,4.121167783,
1931,['1931.png'],1,3.438058699,
1932,['1932.png'],0,4.765407542,
1933,['1933.png'],1,3.127221601,
1934,['1934.png'],1,3.089740815,
1935,['1935.png'],0,3.382332626,
1936,['1936.png'],1,4.277648571,
1937,['1937.png'],1,1.417857526,
1938,['1938.png'],1,1.94272927,
1939,['1939.png'],1,1.340329332,
1941,['1941.png'],1,3.209226404,
1944,['1944.png'],1,3.357141508,
1945,['1945.png'],1,4.132303766,
1946,['1946.png'],0,3.903902279,
1947,['1947.png'],1,4.271130542,
1949,['1949.png'],1,3.245754331,2.776767859
1950,['1950.png'],1,0.925921883,
1952,['1952.png'],1,3.856786776,
1953,['1953.png'],0,3.316556383,
1954,['1954.png'],1,0.931445825,
1955,['1955.png'],1,3.575365731,
1956,['1956.png'],0,4.814341633,
1957,['1957.png'],1,1.311810446,
1958,['1958.png'],1,1.599353934,
1959,['1959.png'],1,3.694893058,
1960,['1960.png'],1,1.807536601,
1961,['1961.png'],1,2.620049545,
1962,['1962.png'],1,3.29728124,
1963,['1963.png'],1,2.075341789,
1964,['1964.png'],0,1.607472909,
1965,['1965.png'],1,4.490006823,
1966,['1966.png'],1,2.193362702,
1969,['1969.png'],,4.580962373,
1970,['1970.png'],1,2.854163404,
1971,['1971.png'],1,2.587944525,
1972,['1972.png'],1,3.233169925,1.905133872
1973,['1973.png'],1,1.523072081,
1974,['1974.png'],1,5.141503304,
1976,['1976.png'],1,2.637733999,
1977,['1977.png'],1,3.419130405,
1979,['1979.png'],1,1.360933513,1.287532815
1980,['1980.png'],1,3.468336737,2.625093221
1981,['1981.png'],1,3.505905461,
1982,['1982.png'],1,2.839874799,
1983,['1983.png'],1,1.126470086,
1984,['1984.png'],1,3.555690156,
1985,['1985.png'],1,4.718425417,
1987,['1987.png'],1,2.710239915,
1988,['1988.png'],1,3.604719037,
1989,['1989.png'],1,3.769714103,
1991,['1991.png'],0,2.127685791,
1992,['1992.png'],1,2.456063493,1.907960512
1993,['1993.png'],1,0.999242811,
1994,['1994.png'],1,2.797709965,
1995,['1995.png'],1,3.452787899,
1997,['1997.png'],1,3.748546815,
1998,['1998.png'],0,3.597128158,
1999,['1999.png'],1,3.24572625,
2001,['2001.png'],1,4.359512616,